stamp,x,y,z,qx,qy,qz,qw
1790342642.7637162,-0.012405183784313611,-0.014880899777642651,-0.073231415593260504,-0.0011823725952318878,0.0048246579639073684,0.0058053614758818272,0.9999708107983355
1790342642.8636019,-0.013894945068617897,-0.0098980629404470926,-0.071878288580394439,-0.0015396050306962072,0.0049843482249023498,0.024854663619501095,0.99967746377792022
1790342642.9627693,-0.015560703587551272,-0.0032385132207551465,-0.073215095904057906,-0.001538485830084255,0.0050193650352173868,0.048680942072873414,0.99880058315705
1790342643.0636053,-0.017434936401740847,0.0032781292749462488,-0.074759465117867616,-0.0020283236954212074,0.0052973813846599561,0.077035067797846843,0.99701224765937824
1790342643.1636174,-0.017921370571134743,0.0087062372108141963,-0.075262725149206497,-0.0018817804289140063,0.0049347931948014326,0.10832127013954655,0.99410191084911903
1790342643.2636702,-0.022752673760284413,0.012654868464060451,-0.074298476257448245,-0.0022202868258239272,0.0039667857978246844,0.14306437664738844,0.98970294486341293
1790342643.3635848,-0.027679646540980925,0.018949501054238038,-0.076554312053373055,-0.0024974440789853319,0.0045337742851565546,0.17788280570332859,0.98403806587900267
1790342643.4636934,-0.030000630477197695,0.02604491166321805,-0.075897475271241271,-0.0020669104717759156,0.0038438447305178202,0.21041494210674344,0.97760242679576914
1790342643.563693,-0.03540006387205779,0.030539118427206011,-0.076583101974739914,-0.0014839900543642684,0.0044797411963067189,0.24609042453743254,0.96923538557116773
1790342643.6626618,-0.036725156227700007,0.038370946918919263,-0.076859582508988306,-0.0020445554439115247,0.0054623509798568618,0.27981607047717066,0.96003591037913583
1790342643.7626636,-0.043036874709913152,0.043353547341369508,-0.072886295524754688,-0.0019942553312258795,0.0035698109866201073,0.31502709245755833,0.9490738698399096
1790342643.8637235,-0.049723893869421332,0.048545036825127882,-0.074642782707295546,-0.0023701811569616588,0.0047060942502952022,0.3500920470770193,0.93670048227359426
1790342643.9626429,-0.058581134959256265,0.053005751149883124,-0.072249571440837143,-0.0012109223375241769,0.0032030459620652377,0.38638423633526148,0.92233155430964475
1790342644.0625916,-0.066335689731383915,0.056088354195803374,-0.071759346450381706,-0.0025262007779798409,0.004632646736853231,0.41843177138114729,0.90823290492728082
1790342644.1637075,-0.076541506560366415,0.061993028413393318,-0.071294540588428559,-8.026176059090838e-05,0.0010498653347792309,0.45174641089936562,0.89214576812331581
1790342644.2636962,-0.083950078185842769,0.062597921470123927,-0.065419430846570911,-0.0017527016541372875,0.0064408948320641294,0.48700619657355138,0.87337300588557643
1790342644.3636029,-0.095694361597064681,0.063959642357481056,-0.069836689152221715,-0.0015422040472841381,0.0026082690659758098,0.52139796013930928,0.8533082594828747
1790342644.4637144,-0.10124760404377786,0.06768132460773077,-0.069968597231683208,-0.0025459287799460503,0.0054652702538401446,0.55207657688579426,0.83377161280636891
1790342644.5636508,-0.10826794692277067,0.068385720899411528,-0.073068823012663833,-0.00024341644524146982,0.0020946073912789481,0.58408322648890321,0.81169103598758074
1790342644.6637657,-0.11531581873257739,0.065989220856074116,-0.075863819161297155,-0.0034524868614437499,0.0035008274978573957,0.61465565686996737,0.78878022795898073
1790342644.763602,-0.12122746925690442,0.068562214855298412,-0.080254707838415942,-0.0012216763486665755,0.00060190523117939466,0.6451279945143833,0.76407330532535422
1790342644.8626649,-0.1258193779122608,0.066556500685748032,-0.079249743973138873,-0.0020505185166534859,0.0024167742291852775,0.6719145428340676,0.74062190198791389
1790342644.9627967,-0.12989362432393675,0.067834465247199702,-0.078984280364518905,0.00031811365334565234,-0.0001840209224732837,0.69958586079252372,0.71454845064499173
1790342645.0637496,-0.14009286083233288,0.065506552125597056,-0.07501050446395803,-0.0028238099360765687,0.0017272845334583738,0.7262446598065937,0.68742835022128712
1790342645.1635947,-0.14961110914043935,0.060770860297390553,-0.065009406491028862,9.9841299312150059e-06,7.6197344881706366e-05,0.75272521184591601,0.65833483087694289
1790342645.2637119,-0.16202300558994215,0.060416090685931373,-0.058271874012449612,-0.00011396303198483489,0.0016481525969841088,0.77590598997596261,0.63084638805721549
1790342645.3637068,-0.17125683124329408,0.05785244112547315,-0.056221860211030206,0.001662541776758222,-0.00058008611175045031,0.80014136433247252,0.59980888334458848
1790342645.4627311,-0.18121717331929688,0.050626051437402148,-0.056145807033029023,-0.00011417144589419376,0.0021957585838518158,0.82234985171579977,0.5689779319025422
1790342645.5626659,-0.19137709072062581,0.046690456501462904,-0.058249342659899152,0.0024961685528974986,-0.00039655305569221528,0.84358770399160388,0.53698547239415428
1790342645.6636326,-0.19797297373989958,0.037381435440195759,-0.053579534641174646,-0.0012580956686602952,0.0018870722940379642,0.86352646110072573,0.50429843062642199
1790342645.7627044,-0.20378316096350116,0.029042382825633213,-0.051269254685291789,0.0028621788183310938,-0.00053965338308031949,0.88208314957546186,0.47108474178393861
1790342645.862664,-0.20766336329024829,0.024525088925756167,-0.046220544206894441,0.0020971228126353985,0.0010859283037467778,0.89895686209788872,0.43803080134017314
1790342645.9626603,-0.21039348467838842,0.014016317521859941,-0.047992780281595322,0.0028815833296243973,-0.00088229031310268298,0.9155297551465359,0.40223896564431738
1790342646.0637803,-0.21326481990411639,0.01095465641036546,-0.051345034694543115,0.0017986901046119033,-0.00019965587677531031,0.93044791443473351,0.36641970931632817
1790342646.1637774,-0.21654450214861454,0.0021199801782391474,-0.058551036809796481,0.0037398317180300468,-0.0010455916151529336,0.94309505954664041,0.33250057000790745
1790342646.2627919,-0.21894417864009794,-0.0071700128783154194,-0.061092207208996448,0.00021581624710500093,-0.00033558113721611602,0.95533944103311441,0.29551039442827481
1790342646.3636744,-0.21752165886783281,-0.014585031143742426,-0.056325197588833517,0.0034131171605784926,-0.0018222216396847999,0.96580494836350528,0.25924087612890179
1790342646.4637263,-0.22443027030697416,-0.018362021919056039,-0.056283735287192063,0.0011983857436973148,-0.0017515938079289569,0.97483498343148522,0.22291758761669631
1790342646.5636349,-0.22718599859111333,-0.025468567838207862,-0.060514427426580086,0.0034826368597830138,-0.0015015341675155476,0.98218531936531095,0.1878765952929709
1790342646.6627049,-0.23040764384539855,-0.032021103092737542,-0.063791810905846957,0.0014725515364792943,-0.001446695688277638,0.98883032885652844,0.14903126986313336
1790342646.7626097,-0.22872845955131654,-0.038982764648776355,-0.065989826711325902,0.002789182574142306,-0.0024540377516809432,0.99384406315586715,0.11072568035053396
1790342646.8626683,-0.22659222231472359,-0.050164806031007057,-0.071994076355058417,0.00077579538387951945,-0.002299499592204293,0.99733373830941885,0.072935072995626835
1790342646.9627399,-0.22352423808696062,-0.062602576572760693,-0.071363237523025549,0.0027562020118215859,-0.002488103033710535,0.99940651164519534,0.034246710424729744
1790342647.0636365,-0.22215919745885446,-0.070470771080483524,-0.072927507352168061,-0.00012478799472550971,-0.002778407742001826,0.99998545366838831,-0.0046213991358817503
1790342647.1627007,-0.22056366955424855,-0.081105492065733586,-0.076543455103720417,0.0023976923616376134,-0.0026745552489529215,0.99910573953821447,-0.042128601298002624
1790342647.2636914,-0.21852975564327737,-0.087294411300277194,-0.078264073539552143,0.00054731918609464631,-0.0029579240194310338,0.99677469007078945,-0.080194565660363912
1790342647.3627374,-0.21229469232748066,-0.091616974713696953,-0.078949318812884861,0.0018963880519674138,-0.0025426790209154997,0.99314644965590915,-0.11683350560342284
1790342647.4636257,-0.20668102710537889,-0.097144638201307545,-0.076236904401651803,0.0010442542022936904,-0.003164613588469682,0.98787173294401787,-0.1552363810585268
1790342647.5636964,-0.20096781613620554,-0.10560142541770239,-0.076405746064342014,0.0016699887947892176,-0.0035630154644570042,0.98108134649818979,-0.1935559547301306
1790342647.6636949,-0.20104423671260707,-0.11556519418594542,-0.070891933544486141,0.0019714336616241195,-0.0038766384828035792,0.97313419500293885,-0.2301975752247212
1790342647.7626493,-0.19653139232830738,-0.12347040248249841,-0.070074657033536547,0.0017461727752424998,-0.0037083202170401668,0.96388531606291017,-0.26628611815127828
1790342647.8626459,-0.18947199155760117,-0.12593413797950367,-0.072667132858420788,0.0011403398137009848,-0.005061544788590196,0.95249890060334363,-0.30449782386554081
1790342647.9636471,-0.18013813192584954,-0.12782938106536484,-0.075652509051836042,0.0023875640540196525,-0.004954800771028698,0.94018446267248568,-0.34062138164892514
1790342648.0637183,-0.17005463695480846,-0.13163083624385344,-0.077803491411876716,0.00067386943301859983,-0.0053130936551070429,0.92645403969629392,-0.37636980387138175
1790342648.1626456,-0.16218251264166925,-0.13693299530043312,-0.078218838564657958,0.0017865616719119296,-0.0047882445787757709,0.91108963509875007,-0.41217660987353044
1790342648.2636893,-0.15626139736221525,-0.14082169346262019,-0.071235473060474036,0.0015138812395598768,-0.0060141991073027505,0.89444813487620944,-0.44712869689735263
1790342648.3626406,-0.14626764487691402,-0.14387194379731136,-0.069731492791743704,0.0035733275855377011,-0.0049600699548577182,0.87679836381023923,-0.48081936135690412
1790342648.4626617,-0.13792519785474039,-0.14936291482604228,-0.063910637313048399,0.0024290596453050094,-0.0053745058894630335,0.85841643619745511,-0.51291952236360527
1790342648.5637023,-0.12944065503619262,-0.15204342004669769,-0.061053765762701717,0.0039120850309827268,-0.0053811333692441654,0.83877382877763751,-0.54443934754207446
1790342648.6636226,-0.12332104297160337,-0.15309744039760931,-0.063231456155489946,0.003094651726817972,-0.0053899648444527106,0.81622516391688615,-0.57770048744871538
1790342648.7627039,-0.11936882946298895,-0.1532516676450083,-0.06581766926377898,0.0024229293684072499,-0.006224552765973705,0.79512549979291747,-0.60640813313738529
1790342648.8636532,-0.11164797573497792,-0.15043679541873944,-0.068257479591855297,0.0025873659087613586,-0.0060496016371427474,0.77116794918651244,-0.63659775526239482
1790342648.9628677,-0.10157020661211708,-0.15413437764511354,-0.072576972958287994,0.0017928191790199223,-0.0067703713245981529,0.74709821213029914,-0.66467677054580021
1790342649.0626876,-0.093291124592655872,-0.15336799350195843,-0.074248519607192059,0.001683017573368142,-0.0066448604322618616,0.71887327892259223,-0.69510734576231403
1790342649.1638629,-0.088035245025653255,-0.1519145971855865,-0.074489938963505031,0.0027337411792086302,-0.0060269697754027083,0.69195779364263166,-0.72190762159134803
1790342649.2626674,-0.079806984016073321,-0.14747417203297969,-0.077577568299604244,0.003338925155389829,-0.0055501109224366969,0.6644865179980749,-0.74727218283990315
1790342649.3626444,-0.072010256805910042,-0.14670527583488654,-0.079918919843775998,0.0030556676073740757,-0.0056191606712525906,0.63542930104450823,-0.77213256070630565
1790342649.4636264,-0.066508147436409426,-0.14173361246601274,-0.076374301651309817,0.0030064748206448904,-0.0060525487637959306,0.60424147744374423,-0.79677259283887392
1790342649.5627453,-0.054842141376621488,-0.13595983200355788,-0.072222238933176849,0.0037058662423509392,-0.0057937032912072743,0.57435994050851757,-0.81857397851176872
1790342649.6626711,-0.045817692607682134,-0.13269531256926492,-0.07336642445057312,0.0021365076452704241,-0.0065012924916037175,0.54361549149414379,-0.8393064791472582
1790342649.7637033,-0.040760344195143329,-0.12653322772724951,-0.073763089190156853,0.0012416167155245082,-0.0073532712690351316,0.51152761272670189,-0.85923447859572288
1790342649.8626807,-0.036061179228492654,-0.12236841193145141,-0.075890441548886994,0.0021429763315248449,-0.0055970193273044743,0.47794910346304864,-0.87836708472365166
1790342649.9625981,-0.027106246962038026,-0.11499313857567112,-0.07782240054198282,0.0010749858270783889,-0.0056092567246627551,0.4446885004962286,-0.89566707998611261
1790342650.0627811,-0.021421087352206245,-0.10976909563560704,-0.079666346430448148,0.0021584805667597897,-0.0051061090985959692,0.41116521916747811,-0.91154398202085718
1790342650.1626718,-0.019828290335081836,-0.10356025507596833,-0.077933381781677816,0.00084993449192696975,-0.0057335574125845015,0.37575308302912047,-0.92670169122799773
1790342650.2627542,-0.014256148547999229,-0.097530174713966855,-0.078197903285240122,0.0027832264970829202,-0.0062029228061545377,0.33914685772334596,-0.94070887435766926
1790342650.3624191,-0.010394455897838823,-0.089775271400068468,-0.078424566032689533,0.0029846732714517541,-0.0056192775971042027,0.30494580072475103,-0.95234845202008667
1790342650.4626863,-0.0086083745795672868,-0.079552067272034205,-0.077897547470074643,0.0018592926529715748,-0.0052090099734870519,0.26747137939788512,-0.96354993147676882
1790342650.56269,-0.006408536997845684,-0.070283177891856646,-0.075904319203989157,0.0025105692211934527,-0.0058790911571726312,0.22881192677778153,-0.97344965740070899
1790342650.6636465,-0.0056540135523756524,-0.062130616898731637,-0.075656438518786243,0.0023439113358958911,-0.00513190888315305,0.19060059616953948,-0.98165145664367426
1790342650.7626483,-0.0027536694838445138,-0.056946687712025289,-0.074259266010061969,0.0022425400241003006,-0.007236714316714952,0.15548185659152253,-0.98780969485572334
1790342650.862716,-0.0028518839248587069,-0.049279952315023412,-0.072821910783118227,0.0024562935026691897,-0.0049634343061138331,0.11766042107326256,-0.99303844651400319
1790342650.9626355,-0.0057772448855468042,-0.040704311207903299,-0.07400805811802201,0.0015223318139962645,-0.0066553033096243648,0.079873975034632047,-0.99678158969547404
1790342651.0627255,-0.0075565287754255465,-0.031089707930161692,-0.075108767489592471,0.0023419648768608597,-0.0047800099028905202,0.042078843037125696,-0.99910011393977205
1790342651.1626515,-0.010814915813009335,-0.01963436444092212,-0.072548552796796131,0.0011549216447135728,-0.0074995739100372433,0.0049152108441438387,-0.99995913078959664
1790342651.2638586,-0.0097833652808947593,-0.01027885834846674,-0.069498942931157673,0.0017154888837755649,-0.0047358981236955968,-0.033336686538884018,-0.99943148524419978
1790342651.3627398,-0.012061427211177363,-0.0010436966859086784,-0.067008033112613663,0.00095395133133968635,-0.0068256726715910246,-0.069724180863695098,-0.99754249973236364
1790342651.4626412,-0.013891984645598609,0.0061134183496151058,-0.063884903464288614,0.0013998235820300057,-0.004831675306379229,-0.1097284639610599,-0.99394887172549673
1790342651.5637393,-0.016977180621356381,0.0090131728851719616,-0.059742730625518665,0.0018067632602347841,-0.0084536869807196081,-0.14900487778516477,-0.98879867373452213
1790342651.6626487,-0.023472843628842669,0.018343739352049446,-0.059495216506283408,0.0005061161323350492,-0.0031023733140182479,-0.18664233723290166,-0.98242290134060317
1790342651.7627831,-0.029114526836539853,0.022877744980669069,-0.061918193340826738,0.00076566518340248017,-0.0066262678072407577,-0.22317664661009939,-0.97475519528731591
1790342651.8636851,-0.035924353158771627,0.026494163011503123,-0.069486051341020871,0.001074677113608163,-0.0039766270440684962,-0.2600583433067889,-0.96558411833612467
1790342651.9647574,-0.040132325383755559,0.030935814026170107,-0.071395643648083845,0.0018668542903676625,-0.0074861981192445677,-0.29080225897306583,-0.95675206708368787
1790342652.0637677,-0.045264902047311623,0.035375413842747561,-0.071134409559449857,0.00050440213183778314,-0.0041832985639118367,-0.31741477636794285,-0.94827744111882839
1790342652.162735,-0.049721975845518573,0.041236323191902104,-0.07498047485959454,0.0014442965363256715,-0.0047316506253189047,-0.33803125861977978,-0.94112188035650901
1790342652.2626665,-0.050820172286749427,0.043196942258134925,-0.077233850201400694,0.0019477359171200081,-0.0041714749327616332,-0.35402536980949173,-0.9352244878385636
1790342652.3627288,-0.05150502573816039,0.046903200992916658,-0.077550961558904077,0.0016611146081705137,-0.0039831493353497992,-0.36241947970009331,-0.9320050943817384
1790342652.4626718,-0.053643389360854138,0.048666216385270876,-0.078951732109292655,0.0015215295924641931,-0.0019958625668033991,-0.37006193499609941,-0.92900369522797066
1790342652.562732,-0.0538291475439234,0.045593097675322478,-0.081334309440792465,0.0022729239459077051,-0.0027432080465174011,-0.378607698133064,-0.92555038735916484
1790342652.6627369,-0.051244557796831763,0.048080054433480714,-0.083999551181014848,0.0019654708888546951,-0.0030602065764561196,-0.38259630589671134,-0.92390845800547372
1790342652.7627993,-0.049421250114291167,0.047279236951649102,-0.085872104021955692,0.0018898282908243514,-0.0024177240282730471,-0.38333601293307074,-0.92360385682829382
1790342652.8637364,-0.050260966731827221,0.048553912283179811,-0.085551682021184836,0.001870459835126954,-0.0025821911571506421,-0.38357965061760513,-0.923502293067471
1790342652.9626768,-0.052709746091479159,0.046740949975377803,-0.085782449190745708,0.001923571978864689,-0.0025314277049139034,-0.38401480446974723,-0.92332146173077057
1790342653.0627785,-0.052976259369034905,0.047433247162779989,-0.085650727894793846,0.0017293580926889685,-0.0024632313718623263,-0.3833727963532636,-0.92358878340311379
1790342653.1626561,-0.054362937010284038,0.048002143329590172,-0.084235488104094522,0.0017764946676041735,-0.0031518180749198939,-0.38379559746290137,-0.92341098622313456
1790342653.2637241,-0.05532889012358834,0.04941790394668575,-0.084295811610692106,0.0019017598622894738,-0.0027491573844391471,-0.38392812180005292,-0.92335693138360864
1790342653.362797,-0.054307547758124658,0.052198290480871642,-0.083503449257394211,0.0015780856922421541,-0.0032551377787682066,-0.38435518571160149,-0.92317820865754752
1790342653.4627266,-0.051822095125857184,0.049182765251774251,-0.085759472955236879,0.002105193740936684,-0.0018993899203700306,-0.38365600006979989,-0.92347172890546814
1790342653.5637176,-0.051389759910989014,0.04709783321864304,-0.08388129649785063,0.0017850820685626405,-0.0032238033998105982,-0.38346273738269493,-0.92354899686621195
1790342653.6637866,-0.050924473370020186,0.044315498891891007,-0.085321713679194958,0.0018534652264751974,-0.0026313198903781267,-0.38439374216076116,-0.92316363219631981
1790342653.7627909,-0.049463230039919683,0.045347100391317105,-0.085482597971689597,0.0017737542849126009,-0.0020081206065758134,-0.38370592060357217,-0.92345145391682482
1790342653.862793,-0.050402029505881449,0.043373181043650837,-0.084161624095922163,0.0015448790688509944,-0.0023423234599669975,-0.38110069744513542,-0.92452927767392445
1790342653.9628165,-0.049347117017195602,0.038829580908850012,-0.08548992334275736,0.0017971198108497218,-0.0023669045838282674,-0.37117492139136038,-0.92855820811253331
1790342654.0637388,-0.043217637468873825,0.036757273107100003,-0.085504693561018016,0.0021462338440481968,-0.0033578020048340819,-0.35568373381494162,-0.9345978816289976
1790342654.1626904,-0.037033904141216538,0.032239081806523295,-0.085118285380629335,0.0014772660252220671,-0.0014630360132598711,-0.33339167670471881,-0.94278611949619562
1790342654.2627146,-0.029272243231724216,0.026896281382258663,-0.084061271590417194,0.0014803138375162233,-0.0040049564672206585,-0.30552067026837476,-0.95217587085231548
1790342654.3637614,-0.019538419263383632,0.022051115338797739,-0.086274965663631978,0.0019457772057101242,-0.0037789142977003348,-0.27711056659207295,-0.96082863593919798
1790342654.4637935,-0.017811733183856319,0.015156571805560586,-0.083027341018891268,0.0018258052853466231,-0.0039773869184595891,-0.24558886193966867,-0.96936420282549185
1790342654.5637751,-0.0099978072279817854,0.011465498518030233,-0.081475081904291966,0.0019926544142458294,-0.0039978028798979834,-0.21272790769935854,-0.97710126608572911
1790342654.6626947,-0.0047230895465523899,0.0068088075077375448,-0.081594510831932227,0.0020658479916955109,-0.0035456798585149388,-0.17948716617401314,-0.98375175608747956
1790342654.7628303,-0.0024659851849187144,-0.00223654864301768,-0.079821764235153581,0.0012230817859540061,-0.0044472288983924005,-0.14256654685341452,-0.98977447226341619
1790342654.8628128,0.0012094117678807393,-0.0090922977532283955,-0.081579599946771664,0.0017823257027668464,-0.0045202490647563926,-0.10623149194490278,-0.99432955340903084
1790342654.9629192,0.0040949212260978831,-0.018007238237857489,-0.07858795488581527,0.0010234271454357495,-0.0050229931389399194,-0.069143688923852836,-0.99759354068616857
1790342655.0627158,0.0047296624507238098,-0.023977283809950446,-0.076782252787422053,0.0014487411411280217,-0.0038708313523221085,-0.031767652341212649,-0.99948673531890198
1790342655.1627452,0.0026381486488878457,-0.030826577839500702,-0.073181039743730025,0.0015419144923052082,-0.005330686646826825,0.0062586136135055134,-0.99996501740569343
1790342655.2637682,0.0012311760970630714,-0.04035895480121697,-0.071776803409260445,0.0015065463639647892,-0.0059225265497852347,0.043746221536789781,-0.99902398474637932
1790342655.362792,-0.0031137460060646589,-0.051012409213436728,-0.073143829042705444,0.002386918877312314,-0.005954769836985928,0.079278714387014587,-0.99683184578923034
1790342655.4628353,-0.0053571202808563711,-0.059187306889344385,-0.072406487241113246,0.0017754005464536067,-0.00553470575657265,0.11747447061764908,-0.99305889238159029
1790342655.5638328,-0.0040892478473759809,-0.067533927751973172,-0.075415787103974299,0.0025747894991448718,-0.0056050519253739066,0.1562516413691889,-0.98769801985290162
1790342655.6637998,-0.0027648738617804592,-0.078332003463795249,-0.077532909226568469,0.0025850230941657695,-0.0060159458399315861,0.19269073560169986,-0.98123769111489445
1790342655.7627623,0.00012595990328268328,-0.085857367161125075,-0.078285449220999601,0.00240706152226319,-0.0052030088244822545,0.22934385635872975,-0.97332858290736812
1790342655.8628328,-0.00011395976555385902,-0.092185201976098155,-0.077893999578644277,0.002424782904561868,-0.0056614166714414561,0.26759026151337117,-0.96351311393893468
1790342655.9629157,-0.00273543275660068,-0.10222218684912321,-0.078475984952259464,0.0024492429007916027,-0.0057591534303501266,0.30305035931701235,-0.95295399315956764
1790342656.0627244,-0.0057187309033619399,-0.11134939688549104,-0.080554178205310759,0.0019083530955068119,-0.0043291441362599608,0.33804238237481848,-0.94111899588618675
1790342656.1627791,-0.0085175407197705284,-0.11899949731886178,-0.085416307936317423,0.0020801298469745786,-0.0041241746342024488,0.37341248103347663,-0.92765391351073712
1790342656.262723,-0.012772799647067568,-0.1237314358396336,-0.085057372668000161,0.0015291914951830346,-0.0063312324693658908,0.41021496680942682,-0.91196560136569149
1790342656.3628435,-0.019371846354332468,-0.12979413945588839,-0.086237580589819035,0.0017501074220697358,-0.0045373646897377568,0.4455801858516627,-0.89522882405675386
1790342656.4627836,-0.029634342976569038,-0.13637080617237071,-0.082743892012037398,0.0026167301899938196,-0.0055285680134402864,0.47833333156347624,-0.87815705404795119
1790342656.5627809,-0.037050825142974871,-0.13996494076818111,-0.07967945287782989,0.0032760341301253499,-0.0067889376256414736,0.51086053004054022,-0.85963055830568769
1790342656.6627135,-0.042684864607542006,-0.14571358262662321,-0.076558957515005438,0.0018417572700466899,-0.0063965044040290974,0.54305555936811034,-0.83967038300806585
1790342656.7627735,-0.046600646692452168,-0.14658303486616425,-0.074138500974029325,0.0023406710892431644,-0.0060318326805348498,0.57531491481386532,-0.81790640482028032
1790342656.8628531,-0.058602082810692353,-0.15025613294666218,-0.072864848746530486,0.0031909780144309141,-0.006111343172824738,0.60478924654130628,-0.79635572228237916
1790342656.9628029,-0.064444526202906027,-0.15134885206282694,-0.075079314077939996,0.0029766415269893358,-0.0064430330291357423,0.63495252020103665,-0.77251855901389976
1790342657.062784,-0.074495440857665088,-0.15518166422390225,-0.076088195131039871,0.003117089273033411,-0.0066446152714175893,0.66456748693586076,-0.74719220295053135
1790342657.1627483,-0.083304927933793224,-0.15841919226691711,-0.077628092504497898,0.0024953980395260398,-0.006591381413300108,0.69213132201531358,-0.72173718191941427
1790342657.2627592,-0.090616087563992809,-0.16218804575342086,-0.079526743237452832,0.0019301974980931399,-0.0052361247301949852,0.71875523808798625,-0.69524079645577885
1790342657.3627172,-0.095085298369935733,-0.16131032204872262,-0.08021610273349547,0.0028963426546513775,-0.0051832191153533538,0.74489904478715419,-0.66715077644710086
1790342657.4627564,-0.10154204197278846,-0.16330644280816778,-0.07971024298853753,0.0013825787366927979,-0.0052844670606921954,0.76997721174883016,-0.63804800467627243
1790342657.5628219,-0.10454861055807163,-0.16430089732033945,-0.080187635130246571,0.0018179320688116703,-0.0043707404684546567,0.79452095729533567,-0.60721828049656801
1790342657.6628604,-0.11139973423028809,-0.16416141374174159,-0.083161429701068074,0.0013435407430856857,-0.0051645149847930547,0.81560646707195639,-0.57858241725237369
1790342657.7629402,-0.12035841066266405,-0.16136884498453705,-0.085856872239488818,0.0022164998198991627,-0.0050248851663561318,0.83825181208875577,-0.5452556622241389
1790342657.8627677,-0.12939607440050099,-0.15803791568925049,-0.086456040647709301,0.0015973860691749504,-0.0045698796084929069,0.85776318519006245,-0.51402225894474873
1790342657.9627728,-0.13595183705788788,-0.15393469309119362,-0.088143107632713311,0.00071636963931970797,-0.0047610435957724725,0.87661971893625423,-0.48115973195031092
1790342658.0638664,-0.14063135932284157,-0.14718677282849932,-0.087916759629739313,0.0017093234739790862,-0.0045072145230387268,0.89353711554422621,-0.44896345772831237
1790342658.1627305,-0.14983355841990256,-0.14441050468086841,-0.086803619327955495,0.00077484805833475247,-0.0050512582411333133,0.91049208656082348,-0.41349491497567298
1790342658.2627695,-0.15978899046917985,-0.14104465603811853,-0.087040781903964554,0.00071480158971030385,-0.0040662616199027531,0.92509022864528556,-0.37972493128591372
1790342658.3627663,-0.16578166087568588,-0.13517086697689309,-0.086178533491325982,-5.4617411318474068e-05,-0.0043036526309724599,0.9392475804132201,-0.34321342963065116
1790342658.4628227,-0.17475534852137486,-0.13132723193279244,-0.07405045812009374,0.0023501089863975245,-0.0036813289329153849,0.95179032852896006,-0.30671826701995608
1790342658.5628033,-0.18776426547817135,-0.12568378947652598,-0.062687219954486451,0.0015599961511456623,-0.0040945994425474171,0.96296268315033395,-0.26959909407724997
1790342658.6627808,-0.20111973505689673,-0.12304184122652129,-0.049682686977771486,0.0034334527206409653,-0.0041083444576361676,0.97206124402057925,-0.23466629664557434
1790342658.7628212,-0.20710085393348554,-0.11709115054408267,-0.050465511989993529,0.0041137048894259844,-0.004287880746698715,0.98032567171800467,-0.19729741225211275
1790342658.8627539,-0.21179770986791255,-0.10916910442835952,-0.050516313659700378,0.0040109014443926094,-0.004520931993491197,0.98700138333457588,-0.16059807950003083
1790342658.9628549,-0.21535906568142793,-0.10085233908232699,-0.055294670067421392,0.0032742274437662817,-0.0043553022529765001,0.99229260474494618,-0.12379700055078796
1790342659.0628657,-0.21466700887125517,-0.092153065121098193,-0.060642351671865186,0.0032604780950114343,-0.0031627409692924222,0.99625093348715288,-0.086391225700766655
1790342659.1628397,-0.21109218335410226,-0.087343954959113942,-0.070162829574985167,0.0018420559569660741,-0.0026611488219877239,0.99887921984527162,-0.047221068158718245
1790342659.2638569,-0.21224943026326881,-0.079935935922607129,-0.075519110588733354,0.0021827657217001846,-0.0026549975823834003,0.99993887820675975,-0.010508395319879264
1790342659.3627684,-0.21079627280897928,-0.076299475603012312,-0.081418647448387477,0.0011064975503872702,-0.0023394735803338447,0.9996504346426176,0.026311804296052104
1790342659.4629204,-0.20877800591758422,-0.065107397185566879,-0.081305978328109665,0.0024338876976491152,-0.0017169186699525685,0.99789000848429277,0.064858764620704931
1790342659.5627987,-0.21014581565206744,-0.054728041962787334,-0.079620765901082594,0.00038983024855069503,-0.0025088883136274195,0.99450120088584781,0.10469438833273137
1790342659.6627979,-0.21018947513028308,-0.043275609392399231,-0.065964932551385844,0.0029535681937520254,-0.0015902336295513743,0.99003826932448735,0.14075856231452935
1790342659.7628253,-0.21253640941217977,-0.034327311872945333,-0.062085860248479195,0.0013891555962261817,-0.001126171234451496,0.98400700186468071,0.17812080806664227
1790342659.8626485,-0.20863787772970807,-0.023292444057457534,-0.06336382885930858,0.0025377417267414544,-0.0011236981157283249,0.97677514971053592,0.21424893016625488
1790342659.9627571,-0.2044579564502633,-0.014220232822359269,-0.068255684071846637,0.00094977401248156539,-0.0011456545576531867,0.96719918734969679,0.25401479759060885
1790342660.0627546,-0.1989109743706115,-0.008385453541890079,-0.07387886433239893,0.0016896428898965845,-0.0013362501198955982,0.95785754181094152,0.28723559866140308
1790342660.1626785,-0.19959550891327901,0.0016490949764094705,-0.075748618000819667,0.00041523445322967444,-0.0010538386236851223,0.94575411390400532,0.32488132146694088
1790342660.2626338,-0.19644392384122997,0.0099154813035209378,-0.079584857118881552,0.00074167562124264664,-0.00071126729673475159,0.93247528383743294,0.36123232004951711
1790342660.3629382,-0.19473800743071945,0.011895823946909493,-0.082983872054318508,-8.1104682741835467e-05,-0.00028679944161171997,0.91828572934577868,0.39591821181647407
1790342660.4627512,-0.18969004078592866,0.016388090943109369,-0.083297254432740456,-0.00027810283576100903,-0.00059362425677891026,0.90297398781530636,0.42969471441702717
1790342660.5628157,-0.18306667909025262,0.022256025506394449,-0.08207888674851746,0.00020375595018801455,5.9417749871440682e-05,0.88570321537513874,0.46425183815159754
1790342660.6628249,-0.17551510592988182,0.023708256253106946,-0.080428291588258663,0.00013556230345768025,0.00041748124872233628,0.86746507173990473,0.49749789611967549
1790342660.7628279,-0.1690597065556137,0.032887375860240868,-0.07030160903082984,-0.00043387408507790181,6.623886689398849e-05,0.84677993572175614,0.53194318101156501
1790342660.8627822,-0.16133573688230632,0.040742772906063436,-0.059438041261791877,0.0026668858009542837,-0.00011210103243781604,0.82666329539798966,0.56269056433813736
1790342660.9628806,-0.15325653965692587,0.047808153867820724,-0.060598988673596164,0.00030562063923113367,0.00056518464081852621,0.80515287944058911,0.59306696745884113
1790342661.0628312,-0.14975275953370384,0.050497354314133922,-0.062376131963708184,0.0005023645303493244,0.0010977303930558809,0.78155376264777998,0.62383672439902971
1790342661.1628854,-0.14072243509422627,0.051406696687619206,-0.06685399884015493,0.00019642023708207001,0.0019751585075929098,0.75717416009798599,0.65321003624241791
1790342661.2627964,-0.13113974179826646,0.050974384081753969,-0.071624148437022528,0.00018765967878630734,0.00078946802250533525,0.73233383885285408,0.6809452914846239
1790342661.3628986,-0.12187976814798146,0.054113448976521566,-0.075185110032847516,-0.00091460587659515679,0.0018511601262086212,0.70574524995572507,0.70846268699710657
1790342661.4627337,-0.11200259477862461,0.052028143423583105,-0.079345720208593748,-0.00042045692740830997,0.0015136914468655176,0.67799707405047194,0.73506292215913471
1790342661.563941,-0.1013717958661581,0.053652983054448905,-0.080701861937159627,-0.0011793277102918759,0.0015678448584683735,0.64895554314746462,0.7608237996190591
1790342661.6627929,-0.093188103700525771,0.052410110165873249,-0.08253897516335805,-0.0014395217300768803,0.0020559828895174398,0.62104250120008742,0.78377287042525146
1790342661.7628655,-0.082409031995637497,0.052522287612542219,-0.084297847962562372,-0.0016560239319058239,0.0018079686559866279,0.59086366203243479,0.80676769997543152
1790342661.8639524,-0.077919685005029868,0.051951397054800459,-0.084413548358294802,-0.0016114409802442712,0.0038131784672266206,0.55969790487591686,0.82868638109082293
1790342661.9629092,-0.071935253099122479,0.052664958003250564,-0.084624513570281334,-0.0022745057615203581,0.0020864879916409726,0.52771967939491871,0.849412981517634
1790342662.062835,-0.064966712975526836,0.051628767463500556,-0.077620930401163954,-0.0011796911337239703,0.0035931856348580295,0.49578277597051323,0.86843833194806941
1790342662.1628988,-0.056574653782092352,0.049911708175559975,-0.076314235736592989,-0.0011387411453982164,0.0025310272505188031,0.46103523622938963,0.88737748907920977
1790342662.2628794,-0.049059876901560336,0.044499168264499296,-0.07871297142256739,-0.0016208173611883319,0.0043896324066404133,0.42743132294822161,0.90403571181734843
1790342662.3628352,-0.042644281188355587,0.042488581641808292,-0.078240627683960853,-0.0011374329008373065,0.0046378241480938085,0.39243721843399365,0.91976639774526825
1790342662.4628284,-0.034263308735629168,0.037685866353997136,-0.081424937284088436,-0.0010768631443548193,0.0030051397084537661,0.35663485219208713,0.93423840196332031
1790342662.5628388,-0.027823415993121426,0.030628582894678645,-0.08572072822935177,-0.0020575416814256941,0.004038948641721731,0.32172311673502879,0.94682294520905363
1790342662.6628637,-0.023360671833926559,0.025931659599098829,-0.086397395025181248,-0.0016258870267603133,0.0049947975210906867,0.28656364482691926,0.95804680780876184
1790342662.7627845,-0.01675648403247524,0.021983878099433384,-0.088466394718257513,-0.0015831845121328698,0.0025858593794026254,0.25021857711046025,0.96818462626032042
1790342662.8628049,-0.0077728050748334283,0.01860622733586835,-0.087842552050056907,-0.00293500094952001,0.0041809270919384257,0.21241020413683465,0.97716723788539639
1790342662.9628866,-0.0051251700469580165,0.010657874014478812,-0.086707847339899904,-0.0012907271296477237,0.0037302902888103773,0.17556617409768829,0.98445971856165249
1790342663.0638609,-0.0025026803450355554,0.0011804454765244289,-0.086615945612233472,-0.0012966316732105181,0.0046664659364647953,0.13775901066533777,0.99045393523496328
1790342663.1628792,0.00051669384937324571,-0.0052423989849158699,-0.083576722919388391,-0.0020524016587244501,0.0036781337165373278,0.09926865955097483,0.99505175353380237
1790342663.2638969,0.0061663244617191793,-0.011854536459645024,-0.075257842125898922,-0.0017124710246754029,0.0061297865904871383,0.06083873924681036,0.99812731701228963
1790342663.3629398,0.0076676284265644167,-0.023406420576258063,-0.07259308295798704,-0.0017060913744690227,0.0052282886338428031,0.023616518021412056,0.99970596393473432
1790342663.4628966,0.0054584599639386526,-0.027966280235148421,-0.072429941552507524,-0.001161688626117358,0.005726167509897742,-0.010855059330523451,0.99992401169892109
1790342663.5628588,0.0084179149893320385,-0.036252316171952889,-0.074083514097750436,-0.0019822572752267397,0.006582928008953764,-0.041230820662202301,0.99912599562937709
1790342663.6628952,0.0090902152255605204,-0.041729438822946219,-0.078854081892048941,-0.0014842969890448939,0.006570613062624105,-0.065764092914909353,0.99781246133201684
1790342663.7629845,0.0041560717666715829,-0.04702072502892618,-0.082607629438107039,-0.001792716227522187,0.0050707039693215078,-0.082937619958054515,0.99654022765035732
1790342663.8628819,0.0022854294142017092,-0.049091889356023231,-0.084988692344307767,-0.0022498812612672427,0.0052066914475511206,-0.097805927445946184,0.99518934326833952
1790342663.9629126,0.0061185281147559467,-0.052876360438970094,-0.085292796030082621,-0.0023480443243926274,0.0059248924464953868,-0.10623517853334626,0.99432060683628909
1790342664.0638988,0.006322882027003666,-0.056767533047549827,-0.087482753563805332,-0.0017658265207593368,0.0052421453988439528,-0.11085127142266983,0.99382161245982392
1790342664.1628761,0.0099372829709924448,-0.054634246121633694,-0.087077437073491679,-0.002047330266945287,0.0053217328599749507,-0.11339535238600951,0.99353358355686605
1790342664.2628665,0.011551400557291425,-0.051733123405777633,-0.08671184136234765,-0.0022007242056907681,0.0048069785257429257,-0.11485316720052624,0.99336841089012962
1790342664.3629124,0.011410150086583118,-0.053713166369172186,-0.088529251158699557,-0.001635291605677449,0.0050348773213826871,-0.11345294843909198,0.99352926696808974
1790342664.4626369,0.012554349566084025,-0.052944182926113449,-0.087681672177536515,-0.0014019607332916636,0.0044299643401394294,-0.11397797099023116,0.99347241131847597
1790342664.5626407,0.012737339466908007,-0.051134754865980278,-0.086828206232930014,-0.0016367091845695483,0.0047468674114132074,-0.11392406352799435,0.99347677183819616
1790342664.6629217,0.013391494558575011,-0.053647245064128636,-0.088015168752759262,-0.0014502534459157113,0.00528534850408925,-0.11483610402405897,0.99336933265964034
1790342664.7629504,0.011627320840534815,-0.054246776447700581,-0.088036752562231466,-0.0017198172238150104,0.004833711046043433,-0.11364357064395707,0.99350833731654375
1790342664.8629317,0.012499481204024455,-0.052869078215933757,-0.088136598929743279,-0.0020092530077444552,0.0046348868842841281,-0.11423510005965086,0.99344090042650934
1790342664.9629204,0.012675498735858855,-0.054055645699250393,-0.086921230716169168,-0.0013954154145469962,0.0049987860269791774,-0.11477426954845238,0.99337804083020109
1790342665.0628767,0.010506238660290823,-0.055746322163817197,-0.086738028635701112,-0.0016334292211596859,0.0048530126507427256,-0.1137470000385854,0.99349655266607018
1790342665.1629186,0.013575636512591287,-0.055036352142322525,-0.087452795105508491,-0.0015814604618141952,0.0047027782138954304,-0.11417648919429778,0.99344809234055897
1790342665.2629354,0.015001842048784774,-0.053759148988147321,-0.089113136061361675,-0.0019333644118551107,0.0043498812848838013,-0.1138547922069927,0.99348599734788112
1790342665.3639336,0.013933721891818072,-0.054127078762782735,-0.088174221117074889,-0.0016287146227877015,0.0048005303440996436,-0.11372443118011266,0.99349939906866958
